{
    "type": "Drill",
    "size": 1,
    "tier": 4,
    "drillTime": 50,
    "warmupSpeed" : 0.05,
    "rotateSpeed" : 20,
    "liquidBoostIntensity" : 1.5,
    "drawRim" : true,
    "drawMineItem" : false,
	"hasPower": true,
	"hasLiquids": false,
    "hasItems": true,
    "itemCapacity": 100,
	"updateEffect": "smeltsmoke",
	"requirements": [
        { "item": "thorium", "amount": 10},
        { "item": "cleared-scrap", "amount" : 5}
	],
	"category": "production",
	"research": "alloy-smelter"
}
