{
	"type": "AttributeSmelter",
	"health" : 120,
	"size": 2,
	"hasPower": true,
	"hasLiquids": true,
	"hasItems": true,
	"craftTime": 260,
	"itemCapacity": 100,
        "liquidCapacity": 30,
	"buildCostMultiplier" : 0.6,
	"attribute"	: "oil",
	"baseEfficiency": 1.0,	
	"boostScale": 0.25,
	"maxHeatBoost": 1.0,
	"updateEffect": "oily",	
	"drawLiquidLight" : true,
	"outputLiquid": {"liquid": "acid", "amount": 15},
	"consumes": {
		"power": 1.2,
		"items": {
			"items": [
				{ "item": "thorium", "amount": 50},
				{ "item": "gold", "amount": 25},
				{ "item": "titanium", "amount": 50},
				{ "item": "rock", "amount": 15}
			]
		},
			"liquid": {
				"liquid": "water",
				"amount": 5
			}
	},
	"requirements": [
		{ "item": "titanium", "amount": 60 },
		{ "item": "metaglass", "amount": 65 },
		{ "item": "plastanium", "amount": 15}
	],
	"category": "crafting",
	"research": "steel-factory"
}