{       
        "type": "GenericSmelter",
	"health" : 550,
	"size": 3,
	"flameColor": "00EDFF",
	"hasPower": true,
	"hasLiquids": true,
	"hasItems": true,
	"craftTime": 160,
	"itemCapacity": 250,
	"liquidCapacity": 250,
	"maxHeatBoost": 1.0,
	"updateEffect": "wet",	
	"craftEffect": "freezing",
	"outputItem": {"item": "aqua-steel", "amount": 2},
	"consumes": {
		"power": 6,
		"items": {
			"items": [
				{ "item": "thorium", "amount": 10},
				{ "item": "reinforced-steel", "amount": 125},
				{ "item": "gold", "amount": 75}
			]
		},
			"liquid": {
				"liquid": "water",
				"amount": 15
			}
	},
	"requirements": [
		{ "item": "thorium", "amount": 150 },
		{ "item": "lead", "amount": 500 },
		{ "item": "graphite", "amount": 150},
		{ "item": "steel", "amount": 250}
	],
	"category": "crafting",
	"research": "blast-mixer"
}