{
	"type": "AttributeSmelter",
	"health" : 120,
	"size": 2,
	"hasPower": true,
	"hasLiquids": true,
	"hasItems": true,
	"craftTime": 120,
	"itemCapacity": 100,
	"buildCostMultiplier" : 0.6,
	"attribute"	: "oil",
	"baseEfficiency": 1.0,	
	"boostScale": 0.25,
	"maxHeatBoost": 1.0,
	"updateEffect": "oily",	
	"drawLiquidLight" : true,
	"outputLiquid": {"liquid": "oil", "amount": 5},
	"consumes": {
		"power": 1.2,
		"items": {
			"items": [
				{ "item": "coal", "amount": 10},
			]
		},
			"liquid": {
				"liquid": "water",
				"amount": 0.1
			}
	},
	"requirements": [
		{ "item": "titanium", "amount": 60 },
		{ "item": "metaglass", "amount": 65 },
		{ "item": "rock", "amount": 15}
	],
	"category": "crafting",
	"research": "golden-ore-gen"
}