{       
        "type": "GenericSmelter",
	"health" : 5,
	"size": 1,
	"flameColor": "C0ECFF",
	"hasPower": true,
	"hasLiquids": true,
	"hasItems": true,
	"craftTime": 25,
	"itemCapacity": 60,
	"liquidCapacity": 1,
	"maxHeatBoost": 50.0,
	"updateEffect": "wet",	
	"craftEffect": "freezing",
	"outputItem": {"item": "golden-ore", "amount": 15},
	"consumes": {
		"power": 1,
		"items": {
			"items": [
				{ "item": "coal", "amount": 15},
				{ "item": "rock", "amount": 30}
			]
		},
			"liquid": {
				"liquid": "water",
				"amount": 0.3
			}
	},
	"requirements": [
		{ "item": "rock", "amount": 100},
		{ "item": "lead", "amount": 150}
	],
	"category": "crafting",
	"research": "rock-maker"
}