{       
        "type": "GenericSmelter",
	"health" : 5,
	"size": 1,
	"flameColor": "C0ECFF",
	"hasPower": true,
	"hasLiquids": true,
	"hasItems": true,
	"craftTime": 25,
	"itemCapacity": 15,
	"liquidCapacity": 11,
	"maxHeatBoost": 50.0,
	"updateEffect": "wet",	
	"craftEffect": "freezing",
	"outputItem": {"item": "rock", "amount": 10},
	"consumes": {
		"power": 1,
		"items": {
			"items": [
				{ "item": "coal", "amount": 5},
				{ "item": "lead", "amount": 5}
			]
		},
			"liquid": {
				"liquid": "water",
				"amount": 0.2
			}
	},
	"requirements": [
		{ "item": "coal", "amount": 5 },
		{ "item": "copper", "amount": 50 },
		{ "item": "lead", "amount": 50 },
		{ "item": "silicon", "amount": 50 },
		{ "item": "graphite", "amount": 25 }
	],
	"category": "crafting",
	"research": "scrap-clearer"
}