{
	"type": "AttributeSmelter",
	"health" : 120,
	"size": 2,
	"hasPower": true,
	"hasLiquids": true,
	"hasItems": true,
	"craftTime": 260,
	"itemCapacity": 150,
	"buildCostMultiplier" : 0.6,
	"attribute"	: "oil",
	"baseEfficiency": 1.0,	
	"boostScale": 0.25,
	"maxHeatBoost": 1.0,
	"updateEffect": "oily",	
	"drawLiquidLight" : true,
	"outputLiquid": {"liquid": "molten-scrap", "amount": 15},
	"consumes": {
		"power": 1.2,
		"items": {
			"items": [
				{ "item": "lead", "amount": 50},
				{ "item": "rock", "amount": 25}
                        ]
		},
			"liquid": {
				"liquid": "water",
				"amount": 0.1
			}
	},
	"requirements": [
		{ "item": "graphite", "amount": 150 },
		{ "item": "silicon", "amount": 65 },
		{ "item": "lead", "amount": 250},
		{ "item": "metaglass", "amount": 70 }
	],
	"category": "crafting",
	"research": "cleared-scrap"
}