{       
        "type": "GenericSmelter",
	"health" : 350,
	"size": 3,
	"flameColor": "2D2A2A",
	"hasPower": true,
	"hasLiquids": true,
	"hasItems": true,
	"craftTime": 160,
	"itemCapacity": 200,
	"liquidCapacity": 200,
	"maxHeatBoost": 1.0,
	"updateEffect": "smelt",	
	"craftEffect": "blastsmoke",
	"outputItem": {"item": "metal", "amount": 2},
	"consumes": {
		"power": 2,
		"items": {
			"items": [
				{ "item": "lead", "amount": 50},
				{ "item": "gold", "amount": 25},
				{ "item": "rock", "amount": 50},
				{ "item": "cleared-scrap", "amount": 50}
			]
		},
			"liquid": {
				"liquid": "molten-scrap",
				"amount": 1
			}
	},
	"requirements": [
		{ "item": "copper", "amount": 350 },
		{ "item": "silicon", "amount": 150 },
		{ "item": "graphite", "amount": 250},
		{ "item": "gold", "amount": 150 }
	],
	"category": "crafting",
	"research": "scrap-smelter"
}