{       
        "type": "AttributeSmelter",
	"health" : 150,
	"size": 3,
	"flameColor": "C0ECFF",
	"hasPower": true,
	"hasLiquids": true,
	"hasItems": true,
	"craftTime": 160,
	"itemCapacity": 200,
	"liquidCapacity": 10,
	"maxHeatBoost": 1.0,
	"updateEffect": "smelt",	
	"craftEffect": "hitFuse",
	"outputItem": {"item": "cleared-scrap", "amount": 10},
	"consumes": {
		"power": 25,
		"items": {
			"items": [
				{ "item": "scrap", "amount": 20}
			]
		},
			"liquid": {
				"liquid": "water",
				"amount": 2
			}
	},
	"requirements": [
		{ "item": "copper", "amount": 150 },
		{ "item": "lead", "amount": 75},
		{ "item": "graphite", "amount": 100},
		{ "item": "silicon", "amount": 25 }
	],
	"category": "crafting",
	"research": "scrap-smelter"
}