{       
        "type": "AttributeSmelter",
	"health" : 250,
	"size": 3,
	"flameColor": "C0ECFF",
	"hasPower": true,
	"hasLiquids": true,
	"hasItems": true,
	"craftTime": 160,
	"itemCapacity": 200,
	"liquidCapacity": 10,
	"maxHeatBoost": 1.0,
	"updateEffect": "wet",	
	"craftEffect": "freezing",
	"outputItem": {"item": "steel", "amount": 30},
	"consumes": {
		"power": 1,
		"items": {
			"items": [
				{ "item": "metal", "amount": 50},
				{ "item": "gold", "amount": 15}
			]
		},
			"liquid": {
				"liquid": "cryofluid",
				"amount": 5
			}
	},
	"requirements": [
		{ "item": "metal", "amount": 150 },
		{ "item": "silicon", "amount": 350 },
		{ "item": "graphite", "amount": 600},
		{ "item": "gold", "amount": 250 }
	],
	"category": "crafting",
	"research": "scrap-mixer"
}