{       
        "type": "GenericSmelter",
	"health" : 140,
	"size": 3,
	"flameColor": "C0ECFF",
	"hasPower": true,
	"hasLiquids": true,
	"hasItems": true,
	"craftTime": 160,
	"itemCapacity": 200,
	"liquidCapacity": 10,
	"maxHeatBoost": 1.0,
	"updateEffect": "wet",	
	"craftEffect": "freezing",
	"outputItem": {"item": "toxicium", "amount": 2},
	"consumes": {
		"power": 5,
		"items": {
			"items": [
				{ "item": "thorium", "amount": 100},
				{ "item": "steel", "amount": 125},
				{ "item": "gold", "amount": 75}
			]
		},
			"liquid": {
				"liquid": "acid",
				"amount": 5
			}
	},
	"requirements": [
		{ "item": "thorium", "amount": 1500 },
		{ "item": "silicon", "amount": 500 },
		{ "item": "graphite", "amount": 1000},
		{ "item": "gold", "amount": 500 },
		{ "item": "steel", "amount": 500 }
	],
	"category": "crafting",
	"research": "blast-mixer"
}