{
	"type": "ItemTurret",

	"size": 4,
	"health": 850,

	"maxAmmo": 150,
	"ammoPerShot" : 50,
	"reloadTime": 450,

	"range": 700,
	"lifetime": 5,

	"targetAir" : false, 
	"targetGround" : true, 

	"recoilAmount" : 15,
	"shootShake" : 12,
	"inaccuracy": 0,

	"restitution" : 0.1,
	"rotatespeed": 0.6,

	"shootSound" : "DeadeyeShoot",

	"ammoTypes":{
		"gold": {
			"type" : "LaserBulletType",
                        "firingMoveFract" : 0.25
                        "shootDuration" : 10000
			"damage": 9500,
			"length" : 5000,
			"width" : 15,
			"ammoMultiplier": 3,
			"pierce": true,
			"collidesTiles" : false,
			"hitTiles" : false,
			"pierceEffect" : "railHit",
			"updateEffect" : "railTrail",
			"hitEffect" : "massiveExplosion",
			"smokeEffect" : "shootBig2",
			"pierceDamageFactor" : 0.8,
			"fragBullets": 5,
			"fragBullet": {
				"type": "BasicBulletType",
				"status" : "melting",
				"lifetime": 120,
				"speed": 0.5,
				"damage" : 1500,
				"frontColor": "bbdefb",
				"backColor": "90caf9"
			}
		}
	},
	"consumes" : {
			"power": 8
			},
	"requirements": [
		{ "item": "thorium", "amount": 2000 },
		{ "item": "gold", "amount": 1500 },
		{ "item": "silicon", "amount": 1500 },
		{ "item": "surge-alloy", "amount": 1200 },
		{ "item": "metaglass", "amount": 1500 }
	],
	"category": "turret",
	"research": "excaliber"
}