{
	"type": "PowerTurret",
	"size": 1,
	"health": 180,
	"reloadTime": 8,
	"range": 100,
	"inaccuracy": 8,
	"shots" : 1,
	
	"targetAir" : true, 
	"targetGround" : true,
	"shootCone" : 2,
	"spread" : 4,
	
	"recoil" : 1,
	"restitution" : 0.5, 
	"rotatespeed": 8,
        "coolantMultiplier": 5
        "cooldownTime": 1000
        "coolEffect": nuclearShockwave
        "continuous": true
	
	"shootSound" : "laser",


    "powerUse" : 1.6,
	"hasPower" : true,
	"shootType" : {
		"type" : "ContinuousLaserBulletType",
		"speed": 1,
		"lifetime" : 50000000,
		"damage": 8000,
		"height" : 100,
		"width" : 150,
		"hitEffect": "hitLaser",
		"pierce": true,
		"frontColor": "bbdefb",
		"backColor": "90caf9",
                "firingMoveFract": 0.25
                "shootDuration": 500
	},

	"requirements": [
		{ "item": "lead", "amount": 45 },
		{ "item": "graphite", "amount": 30 },
		{ "item": "silicon", "amount": 45}
	],
	"category": "turret",
	"research": "salvo"
}