{
	"type": "PowerTurret",
	"size": 1,
	"health": 180,
	"reloadTime": 8,
	"range": 100,
	"inaccuracy": 8,
	"shots" : 1,
	
	"targetAir" : true, 
	"targetGround" : true,
	"shootCone" : 2,
	"spread" : 4,
	
	"recoil" : 1,
	"restitution" : 0.5, 
	"rotatespeed": 8,
	
	"shootSound" : "laser",


    "powerUse" : 1.6,
	"hasPower" : true,
	"shootType" : {
		"type" : "BasicBulletType",
		"speed": 6.0,
		"lifetime" : 40,
		"damage": 8,
		"height" : 14,
		"width" : 7,
		"hitEffect": "hitLaser",
		"pierce": true,
		"frontColor": "bbdefb",
		"backColor": "90caf9"
	},

	"requirements": [
		{ "item": "lead", "amount": 45 },
		{ "item": "graphite", "amount": 30 },
		{ "item": "silicon", "amount": 45}
	],
	"category": "turret",
	"research": "salvo"
}