{
	"type": "ItemTurret",
	"size": 3,
	"health": 1500,

	"maxAmmo": 600,
	"ammoPerShot" : 5,
	"reloadTime": 0.25,
	"range": 200,

	"targetAir" : false, 
	"targetGround" : true, 

	"rotatespeed": 5,
	"inaccuracy": 5,
	"shots" : 2,
	"xRand" : 4,

	"recoilAmount" : 2,
	"restitution" : 3, 

	"shootSound" : "shoot",

	"buildCostMultiplier" : 0.2,

	"ammoTypes": {
		"surge-alloy": {
			"type" : "BasicBulletType",
			"damage": 25,
			"speed": 10.0,
			"lifetime": 50,
			"height": 25,
			"width" : 10,
			"ammoMultiplier": 16,
			"lightning" : 2,
            "lightningLength" : 8,
			"hitEffect": "hitYellowLaser",
			"smokeEffect": "hitBulletBig"
			},
		"gold": { 
			"type" : "BasicBulletType",
			"damage": 120,
			"height": 25,
			"width" : 10,			
			"speed": 12.0,
			"lifetime": 50,
			"ammoMultiplier": 8,
			"pierce": true,	
			"hitEffect": "railHit",
			"smokeEffect": "hitBulletBig"
			}	
	},
	"requirements": [
		{ "item": "titanium", "amount": 900 },
		{ "item": "plastanium", "amount": 1000 },
		{ "item": "surge-alloy", "amount" : 250},
		{ "item": "metaglass", "amount" : 550},
		{ "item": "graphite", "amount": 900 }
	],
	"category": "turret",
	"research": "cyclone"
}