{
	"type": "ItemTurret",

	"size": 1,
	"health": 140,
	"reloadTime": 50,
	"range": 1500,
	"maxAmmo": 12,
	"inaccuracy": 1,
	"shots" : 1,
	
	"targetAir" : true, 
	"targetGround" : true,
	"shootCone" : 0.09,
	"spread" : 1,
	
	"recoil" : 3,
	"restitution" : 0.5, 
	"rotatespeed": 5,
	
	"shootSound" : "shotgun",

	"xRand" : 1,
	"ammoPerShot" : 1,

	"ammoTypes": {
		"lead": {
			"type" : "MissileBulletType",
			"trailEffect" : "artilleryTrail",
			"speed": 6.0,
			"lifetime" : 5000,
			"damage": 450,
			"height" : 10,
			"width" : 7,
			"hitEffect": "nuclearcloud",
			"shootEffect": "reactorsmoke",
			"pierce": false,
			"smokeEffect": "hitBulletBig"
		}
	},
	"requirements": [
		{ "item": "lead", "amount": 300 },
		{ "item": "copper", "amount": 200},
		{ "item": "silicon", "amount": 100},
		{ "item": "graphite", "amount": 100}
	],
	"category": "turret",
	"research": "fuse"
}